{"flutter.ls_version":2,"flutter.ls_show_token":"a52fc69e-ed17-4ce8-9710-a43a95be2982","flutter.ls_alias":"Clever Apple","flutter.ls_security_context":"{\"privateKey\":\"-----BEGIN RSA PRIVATE KEY-----\\nMIIEogIBAAKCAQEApfWT6SpJhrZZw+CnwPb2YUhYCb4nXvVsF0qCwDdpQAByCA56\\noBOC3xm29g0a53c0hDTHmRzpp6SYpzjLQR0N9jWP8dmYxPsLYa5ZEZL1p1ya94z0\\ngxjhhc8l9lfs+EZRrjxXJgni3RNLa+j5LfQcVMBlArby9C2kpcInEe34hsQUN3ir\\nfZezimhE9izcMtIayF+d3iFucLx8zty3yDA7Ui9lpnZxUnVUghUP3ugvIMXCAAoO\\nh755zuVkspUyjPWM8cmVoBM+mQIdUzbtdwJVJ1iRp9mVwhXSFN5P1hTcgcWKy91O\\nLbGFtGJ8H0XpRF45LinjCZ/RmdeJEjtthtYlSQIDAQABAoIBAGvBH+BsjIDjNTVx\\nUHqB30ca6c6poHaPczdMMckMMVJU97UzcXsuL/MbhygLKkTPqVGN02se0rb+r/8j\\naRVGACK0dFnbps1/EszBnyNCAC5CenvxEXFtXkC7VzKztDEftzkiBJO2J47TUE0o\\nX2Hu9dYxdWRl1Sml2RmnDiceFBereYCb35thIfoeD10PaIO948vL5SHpJQs7lDXZ\\nU2vdIphDUbmua9oNkAeFpVT6N3GVuojXTV8AKUSU+Rp+IABX+Jzi0le5Sdz0jnOQ\\nNvd4auV4ixB4am+d5yV/PvKPI9IlosDJhsuFETdd++KcFMeU7f9UzP81jz3EdXdx\\nTN+zkAECgYEA8FkCf8m9rVwTyu40xEW9VYoss/+5j3JaSLyGGsoUQNiDzOTc4wu8\\nFeEjqf8vaA0MkscuzwSTkL4DQtGQe4RLyyPY4yA+4SIbM3ZQvqn/f5w5IRJCl+Gd\\nucNhUWsXC9593ARFZgCAe4tIfd7ao4vPjiEb6VAAupXnoUp9y7DA18ECgYEAsMRk\\nK0Ycv1ClX4qNKiXudllMLQW837B1XLt6zINgSIIzpXr+QdgQ09jiHJrymj7pk+rT\\n5SK7M1lgcAtUKVmqO4rgGOc82Cgfr4eGlSyA3uSru83tp7mgb1DS+WbQ0uRj57nm\\nHqDrXjdBodb3w/2EMMbde7LFjfiavsAky6eWb4kCgYAPr29nUY4sYybzhmoxKO/7\\nRiI2uQiuIONdfdgupWN+++JWG9WCh8CFmQTP0lSQsNFSPueCISVUO+JQmQaZ2P9t\\nSXCdGfygiq5FxIHuf3+qH1LnIp7v9IxrlCGkw51ka+fA1RKGXqAD8AoSFNol9Dje\\naLC+oDb79k6AizD8exOKwQKBgDIbKU2+7Q0p/gaMDqHA6MxxWY91jelWap4jopZw\\nMw26oosoxwPBDFwQoV98aIJijPFZ4kCUTL4sepKoE245NXD1V7qXaX7YOMsXvoVw\\nfQMxjKCKqfAeRSToozUA+PaeuNcJsfpCoRUu0pLejZLnvN3asROMREWPD8Y8TvHP\\nimwJAoGAHRSe602Yf/4RoXHNeV6dYcG6jMhGPFzIDRc3dfbU05GpDysxXbk8NhXa\\nXuUzVB5sxJk6uxnOqXBmWb633rriieMj1zZjrP9fRmkKjWJPW4XEwP99FC+14277\\n7N7DX7q6DtsMFabyGAWES6TDkWKgD9Cp+Zc+WWfT57daMtIAW6U=\\n-----END RSA PRIVATE KEY-----\",\"publicKey\":\"-----BEGIN RSA PUBLIC KEY-----\\nMIIBCgKCAQEApfWT6SpJhrZZw+CnwPb2YUhYCb4nXvVsF0qCwDdpQAByCA56oBOC\\n3xm29g0a53c0hDTHmRzpp6SYpzjLQR0N9jWP8dmYxPsLYa5ZEZL1p1ya94z0gxjh\\nhc8l9lfs+EZRrjxXJgni3RNLa+j5LfQcVMBlArby9C2kpcInEe34hsQUN3irfZez\\nimhE9izcMtIayF+d3iFucLx8zty3yDA7Ui9lpnZxUnVUghUP3ugvIMXCAAoOh755\\nzuVkspUyjPWM8cmVoBM+mQIdUzbtdwJVJ1iRp9mVwhXSFN5P1hTcgcWKy91OLbGF\\ntGJ8H0XpRF45LinjCZ/RmdeJEjtthtYlSQIDAQAB\\n-----END RSA PUBLIC KEY-----\",\"certificate\":\"-----BEGIN CERTIFICATE-----\\nMIIDGTCCAgGgAwIBAgIBATANBgkqhkiG9w0BAQsFADBQMRcwFQYDVQQDEw5Mb2Nh\\r\\nbFNlbmQgVXNlcjEJMAcGA1UEChMAMQkwBwYDVQQLEwAxCTAHBgNVBAcTADEJMAcG\\r\\nA1UECBMAMQkwBwYDVQQGEwAwHhcNMjYwMTI1MTMzODE0WhcNMzYwMTIzMTMzODE0\\r\\nWjBQMRcwFQYDVQQDEw5Mb2NhbFNlbmQgVXNlcjEJMAcGA1UEChMAMQkwBwYDVQQL\\r\\nEwAxCTAHBgNVBAcTADEJMAcGA1UECBMAMQkwBwYDVQQGEwAwggEiMA0GCSqGSIb3\\r\\nDQEBAQUAA4IBDwAwggEKAoIBAQCl9ZPpKkmGtlnD4KfA9vZhSFgJvide9WwXSoLA\\r\\nN2lAAHIIDnqgE4LfGbb2DRrndzSENMeZHOmnpJinOMtBHQ32NY/x2ZjE+wthrlkR\\r\\nkvWnXJr3jPSDGOGFzyX2V+z4RlGuPFcmCeLdE0tr6Pkt9BxUwGUCtvL0LaSlwicR\\r\\n7fiGxBQ3eKt9l7OKaET2LNwy0hrIX53eIW5wvHzO3LfIMDtSL2WmdnFSdVSCFQ/e\\r\\n6C8gxcIACg6HvnnO5WSylTKM9YzxyZWgEz6ZAh1TNu13AlUnWJGn2ZXCFdIU3k/W\\r\\nFNyBxYrL3U4tsYW0YnwfRelEXjkuKeMJn9GZ14kSO22G1iVJAgMBAAEwDQYJKoZI\\r\\nhvcNAQELBQADggEBAI/+CQBU3bp4nZgfpRPsR8Rzo/TtoeNrZGwLxzI/fctjnBgt\\r\\nkfrBMf4oBvG/Nn1rsy3SF5XCPqux1azwomW581QXiv7aEunQEP3v+qE0ZxcqBGi4\\r\\nfXV3jpHznsXkvKvfPh8cEiitmalTVDmCudnKkyMdKozx5wLOy9p5QmWZy1erdQ6T\\r\\n7E2bP+isbSgJnU5Fr6b4WfC95oSvF0Cmd+f3dp4BrPKLlJfkXlhgM+GLgpeGvJwz\\r\\nlyrVSRj2SA6Ua5IX9sw4EcUCvWfeTS28R1hp8X/N7X3JTSXKE5Et5tUWWkBNZS9K\\r\\niS35hT/toS+rEwP7GDz4l6LC4yekbOoQdQ9RH68=\\n-----END CERTIFICATE-----\",\"certificateHash\":\"2D33FFAE33FD320CD7C5EA0657D23441FF4BF8F0651AD7F938ACFBF4287E548C\"}","flutter.ls_color":"localsend","flutter.ls_window_offset_x":760.0,"flutter.ls_window_offset_y":321.0,"flutter.ls_window_height":600.0,"flutter.ls_window_width":907.0,"flutter.ls_quick_save_from_favorites":true,"flutter.ls_auto_finish":true}